user,date,time
cb.en.u4cse18136,"Sat Aug 21 2021 16:06:56 GMT+0530 (India Standard Time)",16:6:56
cb.en.u4cse18137,"Sat Aug 21 2021 16:09:23 GMT+0530 (India Standard Time)",16:9:23
cb.en.u4cse18138,"Sat Aug 21 2021 16:07:22 GMT+0530 (India Standard Time)",16:7:22
cb.en.u4cse18148,"Sat Aug 21 2021 16:12:21 GMT+0530 (India Standard Time)",16:12:21
cb.en.u4cse18138,"Sat Aug 21 2021 16:16:57 GMT+0530 (India Standard Time)",16:16:57
cb.en.u4cse18138,"Sat Aug 21 2021 16:25:34 GMT+0530 (India Standard Time)",16:25:34
cb.en.u4cse18137,"Sat Aug 21 2021 16:27:42 GMT+0530 (India Standard Time)",16:27:42
cb.en.u4cse18148,"Sat Aug 21 2021 16:28:48 GMT+0530 (India Standard Time)",16:28:48
cb.en.u4cse18136,"Sat Aug 21 2021 16:29:31 GMT+0530 (India Standard Time)",16:29:31
cb.en.u4cse18138,"Sat Aug 21 2021 16:31:01 GMT+0530 (India Standard Time)",16:31:1
cb.en.u4cse18137,"Sat Aug 21 2021 16:31:36 GMT+0530 (India Standard Time)",16:31:36
cb.en.u4cse18148,"Sat Aug 21 2021 16:32:23 GMT+0530 (India Standard Time)",16:32:23
cb.en.u4cse18136,"Sat Aug 21 2021 16:32:49 GMT+0530 (India Standard Time)",16:32:49
cb.en.u4cse18137,"Sat Aug 21 2021 17:15:28 GMT+0530 (India Standard Time)",17:15:28
cb.en.u4cse18138,"Sat Aug 21 2021 17:16:34 GMT+0530 (India Standard Time)",17:16:34
cb.en.u4cse18137,"Sat Aug 21 2021 17:19:48 GMT+0530 (India Standard Time)",17:19:48
cb.en.u4cse18137,"Sat Aug 21 2021 17:20:16 GMT+0530 (India Standard Time)",17:20:16
cb.en.u4cse18137,"Sat Aug 21 2021 17:20:36 GMT+0530 (India Standard Time)",17:20:36
cb.en.u4cse18138,"Sat Aug 21 2021 17:20:58 GMT+0530 (India Standard Time)",17:20:58
cb.en.u4cse18138,"Sat Aug 21 2021 17:21:27 GMT+0530 (India Standard Time)",17:21:27
cb.en.u4cse18137,"Sat Aug 21 2021 17:21:53 GMT+0530 (India Standard Time)",17:21:53
cb.en.u4cse18137,"Sat Aug 21 2021 17:22:19 GMT+0530 (India Standard Time)",17:22:19
cb.en.u4cse18137,"Sat Aug 21 2021 17:22:33 GMT+0530 (India Standard Time)",17:22:33
cb.en.u4cse18138,"Sat Aug 21 2021 17:30:30 GMT+0530 (India Standard Time)",17:30:30
cb.en.u4cse18138,"Sat Aug 21 2021 17:53:56 GMT+0530 (India Standard Time)",17:53:56
cb.en.u4cse18138,"Sat Aug 21 2021 18:01:55 GMT+0530 (India Standard Time)",18:1:55
cb.en.u4cse18138,"Sat Aug 21 2021 18:21:14 GMT+0530 (India Standard Time)",18:21:14
cb.en.u4cse18138,"Sat Aug 21 2021 18:21:29 GMT+0530 (India Standard Time)",18:21:29
cb.en.u4cse18138,"Sat Aug 21 2021 18:22:30 GMT+0530 (India Standard Time)",18:22:30
cb.en.u4cse18138,"Sat Aug 21 2021 18:22:31 GMT+0530 (India Standard Time)",18:22:31
cb.en.u4cse18138,"Sat Aug 21 2021 18:23:02 GMT+0530 (India Standard Time)",18:23:2
cb.en.u4cse18138,"Sat Aug 21 2021 18:23:39 GMT+0530 (India Standard Time)",18:23:39
cb.en.u4cse18138,"Sat Aug 21 2021 18:24:25 GMT+0530 (India Standard Time)",18:24:25
cb.en.u4cse18138,"Sat Aug 21 2021 18:24:40 GMT+0530 (India Standard Time)",18:24:40
cb.en.u4cse18138,"Sat Aug 21 2021 18:25:31 GMT+0530 (India Standard Time)",18:25:31
cb.en.u4cse18138,"Sat Aug 21 2021 18:37:37 GMT+0530 (India Standard Time)",18:37:37
cb.en.u4cse18138,"Sat Aug 21 2021 18:37:53 GMT+0530 (India Standard Time)",18:37:53
cb.en.u4cse18138,"Sat Aug 21 2021 19:06:04 GMT+0530 (India Standard Time)",19:6:4
cb.en.u4cse18138,"Sat Aug 21 2021 19:10:10 GMT+0530 (India Standard Time)",19:10:10
cb.en.u4cse18138,"Sat Aug 21 2021 19:11:13 GMT+0530 (India Standard Time)",19:11:13
cb.en.u4cse18138,"Sat Aug 21 2021 19:11:17 GMT+0530 (India Standard Time)",19:11:17
cb.en.u4cse18138,"Sat Aug 21 2021 19:11:50 GMT+0530 (India Standard Time)",19:11:50
cb.en.u4cse18138,"Sat Aug 21 2021 19:12:02 GMT+0530 (India Standard Time)",19:12:2
cb.en.u4cse18138,"Sat Aug 21 2021 19:15:56 GMT+0530 (India Standard Time)",19:15:56
cb.en.u4cse18138,"Sat Aug 21 2021 19:20:26 GMT+0530 (India Standard Time)",19:20:26
cb.en.u4cse18138,"Sat Aug 21 2021 19:21:03 GMT+0530 (India Standard Time)",19:21:3
cb.en.u4cse18138,"Sat Aug 21 2021 19:27:17 GMT+0530 (India Standard Time)",19:27:17
cb.en.u4cse18138,"Sat Aug 21 2021 19:27:32 GMT+0530 (India Standard Time)",19:27:32
cb.en.u4cse18138,"Sat Aug 21 2021 19:30:25 GMT+0530 (India Standard Time)",19:30:25
cb.en.u4cse18138,"Sat Aug 21 2021 19:36:49 GMT+0530 (India Standard Time)",19:36:49
cb.en.u4cse18138,"Sat Aug 21 2021 19:37:23 GMT+0530 (India Standard Time)",19:37:23
cb.en.u4cse18138,"Sat Aug 21 2021 19:45:28 GMT+0530 (India Standard Time)",19:45:28
cb.en.u4cse18138,"Sat Aug 21 2021 19:45:58 GMT+0530 (India Standard Time)",19:45:58
cb.en.u4cse18138,"Sat Aug 21 2021 19:46:13 GMT+0530 (India Standard Time)",19:46:13
cb.en.u4cse18138,"Sat Aug 21 2021 19:56:06 GMT+0530 (India Standard Time)",19:56:6
cb.en.u4cse18138,"Sat Aug 21 2021 19:58:13 GMT+0530 (India Standard Time)",19:58:13
cb.en.u4cse18138,"Sat Aug 21 2021 19:59:58 GMT+0530 (India Standard Time)",19:59:58
cb.en.u4cse18138,"Sat Aug 21 2021 20:00:54 GMT+0530 (India Standard Time)",20:0:54
cb.en.u4cse18138,"Sat Aug 21 2021 20:01:34 GMT+0530 (India Standard Time)",20:1:34
cb.en.u4cse18138,"Sat Aug 21 2021 20:06:15 GMT+0530 (India Standard Time)",20:6:15
cb.en.u4cse18137,"Sat Aug 21 2021 20:07:04 GMT+0530 (India Standard Time)",20:7:4
cb.en.u4cse18138,"Sat Aug 21 2021 20:27:22 GMT+0530 (India Standard Time)",20:27:22
cb.en.u4cse18138,"Sat Aug 21 2021 20:32:26 GMT+0530 (India Standard Time)",20:32:26
cb.en.u4cse18138,"Sat Aug 21 2021 20:33:40 GMT+0530 (India Standard Time)",20:33:40
cb.en.u4cse18138,"Sat Aug 21 2021 20:38:14 GMT+0530 (India Standard Time)",20:38:14
cb.en.u4cse18138,"Tue Aug 24 2021 11:44:09 GMT+0530 (India Standard Time)",11:44:9
cb.en.u4cse18138,"Tue Aug 24 2021 11:50:26 GMT+0530 (India Standard Time)",11:50:26
cb.en.u4cse18138,"Sun Aug 29 2021 10:49:54 GMT+0530 (India Standard Time)",10:49:54
cb.en.u4cse18138,"Sun Aug 29 2021 10:50:48 GMT+0530 (India Standard Time)",10:50:48
admin1,"Sun Aug 29 2021 11:05:40 GMT+0530 (India Standard Time)",11:5:40
admin1,"Sun Aug 29 2021 11:11:02 GMT+0530 (India Standard Time)",11:11:2
admin1,"Sun Aug 29 2021 11:11:29 GMT+0530 (India Standard Time)",11:11:29
admin1,"Sun Aug 29 2021 11:11:50 GMT+0530 (India Standard Time)",11:11:50
admin1,"Sun Aug 29 2021 11:12:46 GMT+0530 (India Standard Time)",11:12:46
admin1,"Sun Aug 29 2021 11:13:05 GMT+0530 (India Standard Time)",11:13:5
admin1,"Sun Aug 29 2021 11:13:45 GMT+0530 (India Standard Time)",11:13:45
COOD21,"Sun Aug 29 2021 11:21:02 GMT+0530 (India Standard Time)",11:21:2
COOD21,"Sun Aug 29 2021 11:22:13 GMT+0530 (India Standard Time)",11:22:13
CB.EN.U4CSE18148,"Sun Aug 29 2021 11:27:02 GMT+0530 (India Standard Time)",11:27:2
AD12,"Sun Aug 29 2021 11:27:39 GMT+0530 (India Standard Time)",11:27:39
FAC2,"Sun Aug 29 2021 11:29:40 GMT+0530 (India Standard Time)",11:29:40
CB.EN.U4CSE18148,"Sun Aug 29 2021 11:33:07 GMT+0530 (India Standard Time)",11:33:7
COOD21,"Sun Aug 29 2021 11:33:27 GMT+0530 (India Standard Time)",11:33:27
CB.EN.U4CSE18148,"Sun Aug 29 2021 19:39:17 GMT+0530 (India Standard Time)",19:39:17
COOD21,"Mon Aug 30 2021 10:09:40 GMT+0530 (India Standard Time)",10:9:40
CB.EN.U4CSE18148,"Mon Aug 30 2021 10:22:00 GMT+0530 (India Standard Time)",10:22:0
COOD21,"Mon Aug 30 2021 10:22:21 GMT+0530 (India Standard Time)",10:22:21
COOD21,"Mon Aug 30 2021 10:24:53 GMT+0530 (India Standard Time)",10:24:53
COOD21,"Mon Aug 30 2021 10:30:10 GMT+0530 (India Standard Time)",10:30:10
AD12,"Mon Aug 30 2021 12:00:49 GMT+0530 (India Standard Time)",12:0:49
COOD21,"Mon Aug 30 2021 12:09:30 GMT+0530 (India Standard Time)",12:9:30
AD12,"Mon Aug 30 2021 12:52:43 GMT+0530 (India Standard Time)",12:52:43
AD12,"Mon Aug 30 2021 12:54:49 GMT+0530 (India Standard Time)",12:54:49
AD12,"Mon Aug 30 2021 13:00:37 GMT+0530 (India Standard Time)",13:0:37
FAC2,"Mon Aug 30 2021 13:13:01 GMT+0530 (India Standard Time)",13:13:1
AD12,"Mon Aug 30 2021 13:39:39 GMT+0530 (India Standard Time)",13:39:39
AD12,"Mon Aug 30 2021 14:00:43 GMT+0530 (India Standard Time)",14:0:43
AD12,"Mon Aug 30 2021 14:01:02 GMT+0530 (India Standard Time)",14:1:2
COOD21,"Mon Aug 30 2021 17:04:46 GMT+0530 (India Standard Time)",17:4:46
CB.EN.U4CSE18148,"Tue Aug 31 2021 11:36:04 GMT+0530 (India Standard Time)",11:36:4
CB.EN.U4CSE18148,"Tue Aug 31 2021 13:25:13 GMT+0530 (India Standard Time)",13:25:13
CB.EN.U4CSE18148,"Tue Aug 31 2021 13:30:23 GMT+0530 (India Standard Time)",13:30:23
CB.EN.U4CSE18148,"Tue Aug 31 2021 16:58:17 GMT+0530 (India Standard Time)",16:58:17
CB.EN.U4CSE18148,"Tue Aug 31 2021 17:34:54 GMT+0530 (India Standard Time)",17:34:54
CB.EN.U4CSE18148,"Thu Oct 07 2021 18:49:49 GMT+0530 (India Standard Time)",18:49:49
CB.EN.U4CSE18148,"Fri Oct 15 2021 11:47:15 GMT+0530 (India Standard Time)",11:47:15
CB.EN.U4CSE18148,"Fri Oct 15 2021 11:54:20 GMT+0530 (India Standard Time)",11:54:20
CB.EN.U4CSE18148,"Fri Oct 15 2021 11:57:14 GMT+0530 (India Standard Time)",11:57:14
CB.EN.U4CSE18148,"Fri Oct 15 2021 12:01:14 GMT+0530 (India Standard Time)",12:1:14
CB.EN.U4CSE18148,"Fri Oct 15 2021 12:02:22 GMT+0530 (India Standard Time)",12:2:22
CB.EN.U4CSE18148,"Fri Oct 15 2021 12:23:59 GMT+0530 (India Standard Time)",12:23:59
CB.EN.U4CSE18148,"Fri Oct 15 2021 12:24:54 GMT+0530 (India Standard Time)",12:24:54
CB.EN.U4CSE18148,"Fri Oct 15 2021 12:25:29 GMT+0530 (India Standard Time)",12:25:29
CB.EN.U4CSE18148,"Fri Oct 15 2021 12:39:18 GMT+0530 (India Standard Time)",12:39:18
CB.EN.U4CSE18148,"Fri Oct 15 2021 13:05:28 GMT+0530 (India Standard Time)",13:5:28
CB.EN.U4CSE18148,"Fri Oct 15 2021 15:17:48 GMT+0530 (India Standard Time)",15:17:48
CB.EN.U4CSE18148,"Fri Oct 15 2021 15:31:37 GMT+0530 (India Standard Time)",15:31:37
CB.EN.U4CSE18148,"Fri Oct 15 2021 16:05:47 GMT+0530 (India Standard Time)",16:5:47
CB.EN.U4CSE18148,"Fri Oct 15 2021 16:35:31 GMT+0530 (India Standard Time)",16:35:31
CB.EN.U4CSE18148,"Fri Oct 15 2021 16:50:31 GMT+0530 (India Standard Time)",16:50:31
CB.EN.U4CSE18148,"Fri Oct 15 2021 18:29:21 GMT+0530 (India Standard Time)",18:29:21
CB.EN.U4CSE18148,"Fri Oct 15 2021 18:35:15 GMT+0530 (India Standard Time)",18:35:15
CB.EN.U4CSE18148,"Fri Oct 15 2021 18:35:55 GMT+0530 (India Standard Time)",18:35:55
CB.EN.U4CSE18148,"Fri Oct 15 2021 18:36:31 GMT+0530 (India Standard Time)",18:36:31
CB.EN.U4CSE18148,"Fri Oct 15 2021 18:37:38 GMT+0530 (India Standard Time)",18:37:38
CB.EN.U4CSE18148,"Fri Oct 15 2021 18:40:11 GMT+0530 (India Standard Time)",18:40:11
CB.EN.U4CSE18148,"Fri Oct 15 2021 18:47:36 GMT+0530 (India Standard Time)",18:47:36
CB.EN.U4CSE18148,"Fri Oct 15 2021 18:50:08 GMT+0530 (India Standard Time)",18:50:8
CB.EN.U4CSE18148,"Fri Oct 15 2021 19:18:48 GMT+0530 (India Standard Time)",19:18:48
CB.EN.U4CSE18148,"Sat Oct 16 2021 11:29:32 GMT+0530 (India Standard Time)",11:29:32
CB.EN.U4CSE18148,"Sat Oct 16 2021 11:43:46 GMT+0530 (India Standard Time)",11:43:46
CB.EN.U4CSE18148,"Sat Oct 16 2021 11:52:46 GMT+0530 (India Standard Time)",11:52:46
CB.EN.U4CSE18148,"Sat Oct 16 2021 12:01:47 GMT+0530 (India Standard Time)",12:1:47
CB.EN.U4CSE18148,"Sat Oct 16 2021 12:02:59 GMT+0530 (India Standard Time)",12:2:59
CB.EN.U4CSE18148,"Sat Oct 16 2021 12:03:55 GMT+0530 (India Standard Time)",12:3:55
CB.EN.U4CSE18148,"Sat Oct 16 2021 12:49:43 GMT+0530 (India Standard Time)",12:49:43
FAC2,"Sat Oct 16 2021 13:00:18 GMT+0530 (India Standard Time)",13:0:18
FAC2,"Sat Oct 16 2021 13:00:49 GMT+0530 (India Standard Time)",13:0:49
FAC2,"Sat Oct 16 2021 13:14:42 GMT+0530 (India Standard Time)",13:14:42
FAC2,"Sat Oct 16 2021 13:22:52 GMT+0530 (India Standard Time)",13:22:52
CB.EN.U4CSE18148,"Sat Oct 16 2021 13:23:26 GMT+0530 (India Standard Time)",13:23:26
CB.EN.U4CSE18148,"Sat Oct 16 2021 13:24:57 GMT+0530 (India Standard Time)",13:24:57
CB.EN.U4CSE18148,"Sat Oct 16 2021 13:25:16 GMT+0530 (India Standard Time)",13:25:16
FAC2,"Sat Oct 16 2021 13:32:24 GMT+0530 (India Standard Time)",13:32:24
FAC2,"Sat Oct 16 2021 13:36:51 GMT+0530 (India Standard Time)",13:36:51
FAC2,"Sat Oct 16 2021 13:54:33 GMT+0530 (India Standard Time)",13:54:33
CB.EN.U4CSE18148,"Sat Oct 16 2021 13:59:28 GMT+0530 (India Standard Time)",13:59:28
CB.EN.U4CSE18148,"Sat Oct 16 2021 14:02:05 GMT+0530 (India Standard Time)",14:2:5
FAC2,"Sat Oct 16 2021 14:02:21 GMT+0530 (India Standard Time)",14:2:21
CB.EN.U4CSE18148,"Sat Oct 16 2021 15:02:48 GMT+0530 (India Standard Time)",15:2:48
CB.EN.U4CSE18148,"Sat Oct 16 2021 17:52:10 GMT+0530 (India Standard Time)",17:52:10
CB.EN.U4CSE18148,"Sat Oct 16 2021 17:54:15 GMT+0530 (India Standard Time)",17:54:15
CB.EN.U4CSE18148,"Sat Oct 16 2021 17:57:18 GMT+0530 (India Standard Time)",17:57:18
CB.EN.U4CSE18148,"Sat Oct 16 2021 18:00:43 GMT+0530 (India Standard Time)",18:0:43
CB.EN.U4CSE18148,"Sat Oct 16 2021 18:22:14 GMT+0530 (India Standard Time)",18:22:14
CB.EN.U4CSE18148,"Sat Oct 16 2021 18:24:28 GMT+0530 (India Standard Time)",18:24:28
CB.EN.U4CSE18148,"Sat Oct 16 2021 18:25:48 GMT+0530 (India Standard Time)",18:25:48
CB.EN.U4CSE18148,"Sat Oct 16 2021 18:29:36 GMT+0530 (India Standard Time)",18:29:36
CB.EN.U4CSE18148,"Sat Oct 16 2021 18:33:57 GMT+0530 (India Standard Time)",18:33:57
CB.EN.U4CSE18148,"Sat Oct 16 2021 18:34:49 GMT+0530 (India Standard Time)",18:34:49
CB.EN.U4CSE18148,"Sat Oct 16 2021 18:47:30 GMT+0530 (India Standard Time)",18:47:30
CB.EN.U4CSE18148,"Sat Oct 16 2021 18:49:11 GMT+0530 (India Standard Time)",18:49:11
CB.EN.U4CSE18148,"Sat Oct 16 2021 18:52:11 GMT+0530 (India Standard Time)",18:52:11
CB.EN.U4CSE18148,"Sat Oct 16 2021 19:02:57 GMT+0530 (India Standard Time)",19:2:57
CB.EN.U4CSE18148,"Sat Oct 16 2021 19:04:45 GMT+0530 (India Standard Time)",19:4:45
CB.EN.U4CSE18148,"Sat Oct 16 2021 19:06:32 GMT+0530 (India Standard Time)",19:6:32
CB.EN.U4CSE18148,"Sat Oct 16 2021 19:10:54 GMT+0530 (India Standard Time)",19:10:54
CB.EN.U4CSE18148,"Sat Oct 16 2021 19:12:40 GMT+0530 (India Standard Time)",19:12:40
FAC2,"Sat Oct 16 2021 19:18:15 GMT+0530 (India Standard Time)",19:18:15
FAC2,"Sat Oct 16 2021 19:26:05 GMT+0530 (India Standard Time)",19:26:5
FAC2,"Sat Oct 16 2021 19:27:55 GMT+0530 (India Standard Time)",19:27:55
FAC2,"Sat Oct 16 2021 19:59:51 GMT+0530 (India Standard Time)",19:59:51
CB.EN.U4CSE18148,"Sat Oct 16 2021 20:18:37 GMT+0530 (India Standard Time)",20:18:37
FAC2,"Sat Oct 16 2021 20:20:15 GMT+0530 (India Standard Time)",20:20:15
CB.EN.U4CSE18148,"Sat Oct 16 2021 20:21:22 GMT+0530 (India Standard Time)",20:21:22
FAC2,"Sat Oct 16 2021 20:23:54 GMT+0530 (India Standard Time)",20:23:54
CB.EN.U4CSE18148,"Sat Oct 16 2021 20:25:05 GMT+0530 (India Standard Time)",20:25:5
FAC2,"Sat Oct 16 2021 20:30:10 GMT+0530 (India Standard Time)",20:30:10
FAC2,"Sat Oct 16 2021 20:32:06 GMT+0530 (India Standard Time)",20:32:6
CB.EN.U4CSE18148,"Sat Oct 16 2021 20:33:02 GMT+0530 (India Standard Time)",20:33:2
CB.EN.U4CSE18148,"Sat Oct 16 2021 21:22:44 GMT+0530 (India Standard Time)",21:22:44
CB.EN.U4CSE18148,"Sun Oct 17 2021 10:29:53 GMT+0530 (India Standard Time)",10:29:53
CB.EN.U4CSE18148,"Sun Oct 17 2021 10:41:33 GMT+0530 (India Standard Time)",10:41:33
CB.EN.U4CSE18148,"Sun Oct 17 2021 10:45:30 GMT+0530 (India Standard Time)",10:45:30
CB.EN.U4CSE18148,"Sun Oct 17 2021 10:47:07 GMT+0530 (India Standard Time)",10:47:7
FAC2,"Sun Oct 17 2021 10:47:53 GMT+0530 (India Standard Time)",10:47:53
COOD21,"Sun Oct 17 2021 11:40:11 GMT+0530 (India Standard Time)",11:40:11
CB.EN.U4CSE18148,"Sun Oct 17 2021 11:42:06 GMT+0530 (India Standard Time)",11:42:6
CB.EN.U4CSE18148,"Sun Oct 17 2021 11:42:37 GMT+0530 (India Standard Time)",11:42:37
CB.EN.U4CSE18148,"Sun Oct 17 2021 11:43:08 GMT+0530 (India Standard Time)",11:43:8
COOD21,"Sun Oct 17 2021 11:43:30 GMT+0530 (India Standard Time)",11:43:30
COOD21,"Sun Oct 17 2021 11:46:01 GMT+0530 (India Standard Time)",11:46:1
COOD21,"Sun Oct 17 2021 11:49:06 GMT+0530 (India Standard Time)",11:49:6
COOD21,"Sun Oct 17 2021 11:51:07 GMT+0530 (India Standard Time)",11:51:7
FAC2,"Sun Oct 17 2021 11:59:38 GMT+0530 (India Standard Time)",11:59:38
FAC2,"Sun Oct 17 2021 12:06:05 GMT+0530 (India Standard Time)",12:6:5
FAC2,"Sun Oct 17 2021 12:07:58 GMT+0530 (India Standard Time)",12:7:58
FAC2,"Sun Oct 17 2021 12:09:16 GMT+0530 (India Standard Time)",12:9:16
FAC2,"Sun Oct 17 2021 12:12:29 GMT+0530 (India Standard Time)",12:12:29
CB.EN.U4CSE18148,"Sun Oct 17 2021 12:17:01 GMT+0530 (India Standard Time)",12:17:1
CB.EN.U4CSE18148,"Sun Oct 17 2021 12:19:32 GMT+0530 (India Standard Time)",12:19:32
CB.EN.U4CSE18148,"Sun Oct 17 2021 12:22:08 GMT+0530 (India Standard Time)",12:22:8
CB.EN.U4CSE18148,"Sun Oct 17 2021 12:27:15 GMT+0530 (India Standard Time)",12:27:15
FAC2,"Sun Oct 17 2021 12:27:38 GMT+0530 (India Standard Time)",12:27:38
FAC2,"Sun Oct 17 2021 12:28:11 GMT+0530 (India Standard Time)",12:28:11
CB.EN.U4CSE18148,"Sun Oct 17 2021 12:29:49 GMT+0530 (India Standard Time)",12:29:49
CB.EN.U4CSE18148,"Sun Oct 17 2021 12:30:16 GMT+0530 (India Standard Time)",12:30:16
CB.EN.U4CSE18148,"Sun Oct 17 2021 12:34:32 GMT+0530 (India Standard Time)",12:34:32
CB.EN.U4CSE18148,"Sun Oct 17 2021 12:35:58 GMT+0530 (India Standard Time)",12:35:58
FAC2,"Sun Oct 17 2021 12:36:58 GMT+0530 (India Standard Time)",12:36:58
CB.EN.U4CSE18148,"Sun Oct 17 2021 13:40:42 GMT+0530 (India Standard Time)",13:40:42
FAC2,"Sun Oct 17 2021 13:44:22 GMT+0530 (India Standard Time)",13:44:22
COOD21,"Sun Oct 17 2021 13:46:46 GMT+0530 (India Standard Time)",13:46:46
